label,mode,backend,oci_runtime,timestamp,process_pss_kb,control_plane_pss_kb,overhead_pss_kb_total,controller_pss_kb,ingress_pss_kb,runtime_pss_kb,k3s_control_plane_pss_kb,app_mem_bytes,system_mem_bytes,host_system_cgroups_bytes,mem_available_before_bytes,mem_available_after_bytes,mem_available_delta_bytes
r20260203-legacy+podman+crun+rootless+cg2-idle,k1s,podman,crun,20260203-frozen,58061,58061,58061,58061,0,0,0,0,0,2149371085,417018675,0,417018675
r20260203-legacy+podman+crun+rootless+cg2-pods-1,k1s,podman,crun,20260203-frozen,75571,75571,75571,75571,0,0,0,19293798,0,2150419661,225653555,0,225653555
r20260203-legacy+podman+crun+rootless+cg2-pods-10,k1s,podman,crun,20260203-frozen,76186,76186,76186,76186,0,0,0,200173158,0,2283274240,104123597,0,104123597
r20260203-legacy+podman+crun+rootless+cg2-pods-5,k1s,podman,crun,20260203-frozen,75878,75878,75878,75878,0,0,0,97727283,0,2148532224,260046848,0,260046848
r20260203-legacy+podman+crun+rootless+cg2-rollout-2-during,k1s,podman,crun,20260203-frozen,76186,76186,76186,76186,0,0,0,30303846,0,2470549914,550187827,0,550187827
r20260203-legacy+podman+crun+rootless+cg2-rollout-2-post,k1s,podman,crun,20260203-frozen,76698,76698,76698,76698,0,0,0,30303846,0,2488899994,206464614,0,206464614
r20260203-legacy+podman+crun+rootless+cg2-rollout-5-during,k1s,podman,crun,20260203-frozen,76595,76595,76595,76595,0,0,0,75707187,0,2498756608,359451853,0,359451853
r20260203-legacy+podman+crun+rootless+cg2-rollout-5-post,k1s,podman,crun,20260203-frozen,76595,76595,76595,76595,0,0,0,75812045,0,2483552256,200173158,0,200173158
r20260203-legacy+podman+crun+priv+cg2-idle,k1s,podman,crun,20260203-frozen,57958,57958,57958,57958,0,0,0,0,0,2156920832,377592218,0,377592218
r20260203-legacy+podman+crun+priv+cg2-pods-1,k1s,podman,crun,20260203-frozen,73728,73728,73728,73728,0,0,0,18769510,0,2190580122,336802611,0,336802611
r20260203-legacy+podman+crun+priv+cg2-pods-10,k1s,podman,crun,20260203-frozen,74342,74342,74342,74342,0,0,0,199544013,0,2197815296,105277030,0,105277030
r20260203-legacy+podman+crun+priv+cg2-pods-5,k1s,podman,crun,20260203-frozen,74035,74035,74035,74035,0,0,0,97307853,0,2194354995,119642522,0,119642522
r20260203-legacy+podman+crun+priv+cg2-rollout-2-during,k1s,podman,crun,20260203-frozen,76493,76493,76493,76493,0,0,0,30303846,0,2199073587,336802611,0,336802611
r20260203-legacy+podman+crun+priv+cg2-rollout-2-post,k1s,podman,crun,20260203-frozen,76595,76595,76595,76595,0,0,0,30303846,0,2199702733,167038157,0,167038157
r20260203-legacy+podman+crun+priv+cg2-rollout-5-during,k1s,podman,crun,20260203-frozen,74547,74547,74547,74547,0,0,0,75812045,0,2165204582,136839168,0,136839168
r20260203-legacy+podman+crun+priv+cg2-rollout-5-post,k1s,podman,crun,20260203-frozen,75264,75264,75264,75264,0,0,0,75812045,0,2166567731,104228454,0,104228454
r20260203-legacy+cri+crun+containerd-idle,k1s,cri,crun,20260203-frozen,56730,56730,56730,56730,0,0,0,0,0,2505257779,212651213,0,212651213
r20260203-legacy+cri+crun+containerd-pods-1,k1s,cri,crun,20260203-frozen,82227,82227,82227,82227,0,0,0,18559795,0,2508298650,34812723,0,34812723
r20260203-legacy+cri+crun+containerd-pods-10,k1s,cri,crun,20260203-frozen,81510,81510,81510,81510,0,0,0,195873997,0,2589353574,74448896,0,74448896
r20260203-legacy+cri+crun+containerd-pods-5,k1s,cri,crun,20260203-frozen,82842,82842,82842,82842,0,0,0,97098138,0,2546991104,142816051,0,142816051
r20260203-legacy+cri+crun+containerd-rollout-2-during,k1s,cri,crun,20260203-frozen,82022,82022,82022,82022,0,0,0,30198989,0,2520357274,61970842,0,61970842
r20260203-legacy+cri+crun+containerd-rollout-2-post,k1s,cri,crun,20260203-frozen,83968,83968,83968,83968,0,0,0,30198989,0,2520042701,10066330,0,10066330
r20260203-legacy+cri+crun+containerd-rollout-5-during,k1s,cri,crun,20260203-frozen,84890,84890,84890,84890,0,0,0,75392614,0,2546991104,165045862,0,165045862
r20260203-legacy+cri+crun+containerd-rollout-5-post,k1s,cri,crun,20260203-frozen,85094,85094,85094,85094,0,0,0,75707187,0,2544369664,838861,0,838861
r20260203-legacy+docker+runc+k1nd-idle,k1s,docker,runc,20260203-frozen,178176,178176,178176,178176,0,0,0,0,0,2665165619,176265626,0,176265626
r20260203-legacy+docker+runc+k1nd-pods-1,k1s,docker,runc,20260203-frozen,181248,181248,181248,181248,0,0,0,23802675,0,2707423232,201536307,0,201536307
r20260203-legacy+docker+runc+k1nd-pods-10,k1s,docker,runc,20260203-frozen,189542,189542,189542,189542,0,0,0,193881702,0,3034369229,53791949,0,53791949
r20260203-legacy+docker+runc+k1nd-pods-5,k1s,docker,runc,20260203-frozen,185651,185651,185651,185651,0,0,0,99824435,0,2858837606,91435827,0,91435827
r20260203-legacy+docker+runc+k1nd-rollout-2-during,k1s,docker,runc,20260203-frozen,191181,191181,191181,191181,0,0,0,36175872,0,2770547507,205416038,0,205416038
r20260203-legacy+docker+runc+k1nd-rollout-2-post,k1s,docker,runc,20260203-frozen,191181,191181,191181,191181,0,0,0,36909875,0,2773798093,24117248,0,24117248
r20260203-legacy+docker+runc+k1nd-rollout-5-during,k1s,docker,runc,20260203-frozen,189850,189850,189850,189850,0,0,0,76021760,0,2856530739,247254221,0,247254221
r20260203-legacy+docker+runc+k1nd-rollout-5-post,k1s,docker,runc,20260203-frozen,189850,189850,189850,189850,0,0,0,76021760,0,2864185344,94371840,0,94371840
r20260203-legacy+k3d+runc-idle,k3s,docker,runc,20260203-frozen,490598,490598,490598,0,0,0,490598,91750400,0,3779697050,219362099,0,219362099
r20260203-legacy+k3d+runc-pods-1,k3s,docker,runc,20260203-frozen,469402,469402,469402,0,0,0,469402,117021082,0,3970223309,428133581,0,428133581
r20260203-legacy+k3d+runc-pods-10,k3s,docker,runc,20260203-frozen,480051,480051,480051,0,0,0,480051,300521882,0,4242748211,416494387,0,416494387
r20260203-legacy+k3d+runc-pods-5,k3s,docker,runc,20260203-frozen,471245,471245,471245,0,0,0,471245,198285722,0,4084203520,364275302,0,364275302
r20260203-legacy+k3d+runc-rollout-2-during,k3s,docker,runc,20260203-frozen,482099,482099,482099,0,0,0,482099,131910861,0,4229326438,484232397,0,484232397
r20260203-legacy+k3d+runc-rollout-2-post,k3s,docker,runc,20260203-frozen,484045,484045,484045,0,0,0,484045,131806003,0,4217896960,278187213,0,278187213
r20260203-legacy+k3d+runc-rollout-5-during,k3s,docker,runc,20260203-frozen,502067,502067,502067,0,0,0,502067,203004314,0,4328102298,212546355,0,212546355
r20260203-legacy+k3d+runc-rollout-5-post,k3s,docker,runc,20260203-frozen,503194,503194,503194,0,0,0,503194,206464614,0,4334708326,286156390,0,286156390
